sku,cluster,nombre
14,4,Cola volátil 2
36,4,Cola volátil 2
60,4,Cola volátil 2
64,2,Cola volátil 4
67,4,Cola volátil 2
69,1,Núcleo de alto valor
72,3,Cola volátil 3
73,4,Cola volátil 2
84,1,Núcleo de alto valor
100,3,Cola volátil 3
105,6,Cola volátil 1
110,4,Cola volátil 2
136,2,Cola volátil 4
138,3,Cola volátil 3
141,2,Cola volátil 4
148,5,Emergentes de crecimiento
151,6,Cola volátil 1
168,4,Cola volátil 2
176,4,Cola volátil 2
178,1,Núcleo de alto valor
185,6,Cola volátil 1
192,1,Núcleo de alto valor
205,1,Núcleo de alto valor
221,2,Cola volátil 4
224,6,Cola volátil 1
230,2,Cola volátil 4
234,6,Cola volátil 1
237,4,Cola volátil 2
243,5,Emergentes de crecimiento
245,4,Cola volátil 2
246,1,Núcleo de alto valor
302,4,Cola volátil 2
304,4,Cola volátil 2
305,5,Emergentes de crecimiento
315,1,Núcleo de alto valor
319,2,Cola volátil 4
329,2,Cola volátil 4
330,4,Cola volátil 2
339,4,Cola volátil 2
341,1,Núcleo de alto valor
347,3,Cola volátil 3
355,1,Núcleo de alto valor
359,4,Cola volátil 2
365,4,Cola volátil 2
368,4,Cola volátil 2
375,1,Núcleo de alto valor
378,2,Cola volátil 4
381,1,Núcleo de alto valor
396,1,Núcleo de alto valor
403,3,Cola volátil 3
409,5,Emergentes de crecimiento
419,2,Cola volátil 4
458,4,Cola volátil 2
476,2,Cola volátil 4
508,5,Emergentes de crecimiento
539,4,Cola volátil 2
566,6,Cola volátil 1
567,1,Núcleo de alto valor
574,3,Cola volátil 3
586,4,Cola volátil 2
590,1,Núcleo de alto valor
592,4,Cola volátil 2
602,6,Cola volátil 1
607,4,Cola volátil 2
617,3,Cola volátil 3
629,5,Emergentes de crecimiento
640,2,Cola volátil 4
666,2,Cola volátil 4
667,5,Emergentes de crecimiento
735,5,Emergentes de crecimiento
737,4,Cola volátil 2
742,4,Cola volátil 2
765,4,Cola volátil 2
768,6,Cola volátil 1
770,1,Núcleo de alto valor
772,2,Cola volátil 4
801,1,Núcleo de alto valor
807,3,Cola volátil 3
809,2,Cola volátil 4
813,6,Cola volátil 1
822,3,Cola volátil 3
825,2,Cola volátil 4
842,4,Cola volátil 2
853,3,Cola volátil 3
860,5,Emergentes de crecimiento
871,4,Cola volátil 2
877,5,Emergentes de crecimiento
879,4,Cola volátil 2
908,6,Cola volátil 1
909,2,Cola volátil 4
917,4,Cola volátil 2
932,1,Núcleo de alto valor
952,2,Cola volátil 4
962,6,Cola volátil 1
970,3,Cola volátil 3
971,1,Núcleo de alto valor
976,6,Cola volátil 1
977,4,Cola volátil 2
991,3,Cola volátil 3
992,4,Cola volátil 2
995,1,Núcleo de alto valor
1010,3,Cola volátil 3
1021,1,Núcleo de alto valor
1023,2,Cola volátil 4
1025,4,Cola volátil 2
1026,4,Cola volátil 2
1028,3,Cola volátil 3
1030,3,Cola volátil 3
1055,1,Núcleo de alto valor
1056,2,Cola volátil 4
1069,5,Emergentes de crecimiento
1087,1,Núcleo de alto valor
1092,1,Núcleo de alto valor
1093,4,Cola volátil 2
1094,1,Núcleo de alto valor
1096,1,Núcleo de alto valor
1100,1,Núcleo de alto valor
1129,2,Cola volátil 4
1136,6,Cola volátil 1
1137,3,Cola volátil 3
1139,6,Cola volátil 1
1145,1,Núcleo de alto valor
1160,5,Emergentes de crecimiento
1167,3,Cola volátil 3
1170,4,Cola volátil 2
1195,1,Núcleo de alto valor
1198,2,Cola volátil 4
1203,4,Cola volátil 2
1206,1,Núcleo de alto valor
1207,3,Cola volátil 3
1213,4,Cola volátil 2
1217,4,Cola volátil 2
1231,2,Cola volátil 4
1234,4,Cola volátil 2
1244,4,Cola volátil 2
1264,6,Cola volátil 1
1266,6,Cola volátil 1
1289,6,Cola volátil 1
1295,6,Cola volátil 1
1298,1,Núcleo de alto valor
1299,6,Cola volátil 1
1303,2,Cola volátil 4
1319,2,Cola volátil 4
1320,4,Cola volátil 2
1329,1,Núcleo de alto valor
1339,4,Cola volátil 2
1345,2,Cola volátil 4
1364,3,Cola volátil 3
1366,5,Emergentes de crecimiento
1372,1,Núcleo de alto valor
1377,4,Cola volátil 2
1383,1,Núcleo de alto valor
1393,4,Cola volátil 2
1396,3,Cola volátil 3
1402,4,Cola volátil 2
1404,6,Cola volátil 1
1405,4,Cola volátil 2
1408,3,Cola volátil 3
1415,2,Cola volátil 4
1439,4,Cola volátil 2
1447,4,Cola volátil 2
1451,4,Cola volátil 2
1458,1,Núcleo de alto valor
1461,2,Cola volátil 4
1476,1,Núcleo de alto valor
1493,2,Cola volátil 4
1495,2,Cola volátil 4
1534,4,Cola volátil 2
1553,1,Núcleo de alto valor
1556,4,Cola volátil 2
1573,2,Cola volátil 4
1583,4,Cola volátil 2
1598,3,Cola volátil 3
1611,4,Cola volátil 2
1638,2,Cola volátil 4
1665,3,Cola volátil 3
1679,3,Cola volátil 3
1682,3,Cola volátil 3
1689,6,Cola volátil 1
1703,3,Cola volátil 3
1705,3,Cola volátil 3
1706,4,Cola volátil 2
1710,6,Cola volátil 1
1748,4,Cola volátil 2
1752,3,Cola volátil 3
1753,2,Cola volátil 4
1762,4,Cola volátil 2
1766,4,Cola volátil 2
1835,3,Cola volátil 3
1841,4,Cola volátil 2
1845,6,Cola volátil 1
1849,6,Cola volátil 1
1861,4,Cola volátil 2
1901,5,Emergentes de crecimiento
1905,4,Cola volátil 2
1923,5,Emergentes de crecimiento
1927,6,Cola volátil 1
1939,5,Emergentes de crecimiento
1948,5,Emergentes de crecimiento
1953,2,Cola volátil 4
1964,3,Cola volátil 3
1965,1,Núcleo de alto valor
1976,2,Cola volátil 4
1984,2,Cola volátil 4
1997,3,Cola volátil 3
2006,3,Cola volátil 3
2014,2,Cola volátil 4
2017,5,Emergentes de crecimiento
2035,4,Cola volátil 2
2063,4,Cola volátil 2
2070,1,Núcleo de alto valor
2081,4,Cola volátil 2
2082,1,Núcleo de alto valor
2085,2,Cola volátil 4
2093,4,Cola volátil 2
2110,4,Cola volátil 2
2116,4,Cola volátil 2
2117,6,Cola volátil 1
2124,3,Cola volátil 3
2129,2,Cola volátil 4
2134,1,Núcleo de alto valor
2140,1,Núcleo de alto valor
2149,3,Cola volátil 3
2159,2,Cola volátil 4
2191,5,Emergentes de crecimiento
2200,2,Cola volátil 4
2220,1,Núcleo de alto valor
2228,1,Núcleo de alto valor
2231,6,Cola volátil 1
2241,4,Cola volátil 2
2246,4,Cola volátil 2
2270,4,Cola volátil 2
2280,1,Núcleo de alto valor
2290,4,Cola volátil 2
2294,4,Cola volátil 2
2297,4,Cola volátil 2
2303,6,Cola volátil 1
2309,1,Núcleo de alto valor
2336,4,Cola volátil 2
2340,2,Cola volátil 4
2356,4,Cola volátil 2
2367,2,Cola volátil 4
2375,4,Cola volátil 2
2378,5,Emergentes de crecimiento
2382,6,Cola volátil 1
2387,5,Emergentes de crecimiento
2414,5,Emergentes de crecimiento
2433,1,Núcleo de alto valor
2446,2,Cola volátil 4
2458,5,Emergentes de crecimiento
2469,4,Cola volátil 2
2471,4,Cola volátil 2
2476,4,Cola volátil 2
2480,4,Cola volátil 2
2483,3,Cola volátil 3
2485,2,Cola volátil 4
2489,2,Cola volátil 4
2498,3,Cola volátil 3
2499,4,Cola volátil 2
2500,3,Cola volátil 3
2504,2,Cola volátil 4
2511,2,Cola volátil 4
2512,4,Cola volátil 2
2518,4,Cola volátil 2
2519,2,Cola volátil 4
2535,4,Cola volátil 2
2542,1,Núcleo de alto valor
2554,5,Emergentes de crecimiento
2562,6,Cola volátil 1
2578,6,Cola volátil 1
2580,2,Cola volátil 4
2585,1,Núcleo de alto valor
2588,4,Cola volátil 2
2607,4,Cola volátil 2
2608,3,Cola volátil 3
2613,2,Cola volátil 4
2658,1,Núcleo de alto valor
2668,4,Cola volátil 2
