grupo,peso,metodo,wmape_val,bias_val,wmape_u,bias_u,r2,p_pm,p_hw
1. Núcleo de alto valor,0.35824688770250507,Promedio móvil,0.44937341997895186,0.016007461217383057,0.37189623107829317,0.04224115105660431,0.5896683022603653,—,—
1. Núcleo de alto valor,0.35824688770250507,Holt-Winters,0.5105612250752302,0.11665337989075719,0.4126192484020921,0.03612239968216757,0.32528506347106456,—,—
1. Núcleo de alto valor,0.35824688770250507,Arquitectura,0.4259546885455029,0.17478221849629327,0.32481652450620296,0.11447600603213082,0.569306858810561,0.2854,0.0256
2. Cola volátil 4,0.2171823891769201,Promedio móvil,0.38056135022676274,-0.03481019821227649,0.3981450264786298,-0.11692216144755152,0.7710395075087664,—,—
2. Cola volátil 4,0.2171823891769201,Holt-Winters,0.3848480564898153,-0.0944701231160443,0.3756975329976471,-0.17424702525942182,0.826664588791663,—,—
2. Cola volátil 4,0.2171823891769201,Arquitectura,0.3223143671096811,0.008518703407362604,0.3734048531729663,-0.0964800869163861,0.7627463512208885,0.0621,0.0119
3. Cola volátil 3,0.18086655744477187,Promedio móvil,0.84700097907661,-0.026465738396573735,0.9040282203898337,0.006340172433100921,0.24610816799994584,—,—
3. Cola volátil 3,0.18086655744477187,Holt-Winters,0.6534160513360553,-0.04182277285323188,0.6745045485396117,-0.043117632815583895,0.5273387842667443,—,—
3. Cola volátil 3,0.18086655744477187,Arquitectura,0.7249444753746617,0.1064055176160803,0.7805255894378239,0.11182921307625837,0.49212812631769476,0.1569,0.5183
4. Cola volátil 2,0.1538181347427669,Promedio móvil,0.4741754441380132,-0.10365054482184366,0.4398231276111859,-0.07603043979129143,0.561717097870456,—,—
4. Cola volátil 2,0.1538181347427669,Holt-Winters,0.4542768062897921,-0.12349891495954546,0.46184188430371387,-0.16160194356290192,0.34047089712109324,—,—
4. Cola volátil 2,0.1538181347427669,Arquitectura,0.29525457777134495,-0.03535011341346883,0.3035896239003751,-0.040876824053822536,0.7684377793656065,0.0000,0.0000
5. Emergentes de crecimiento,0.045773396632478855,Promedio móvil,0.4959645907831829,-0.010173412787226166,0.4518158879716574,0.09042443040341719,0.1574650795451713,—,—
5. Emergentes de crecimiento,0.045773396632478855,Holt-Winters,0.5037887021833505,0.2956270665646963,0.5105326178922072,0.33015844841549846,-0.539009102026919,—,—
5. Emergentes de crecimiento,0.045773396632478855,Arquitectura,0.37800556678571606,0.19154991503611352,0.42500163096194077,0.26187631288728297,0.2826063959898468,0.4908,0.4559
6. Cola volátil 1,0.044112634300557355,Promedio móvil,0.37024054966910896,0.0295630397951423,0.4332381407602731,0.1276452101288268,0.4110392353018909,—,—
6. Cola volátil 1,0.044112634300557355,Holt-Winters,0.33460600151479203,0.04180634368374214,0.3931317993322979,0.10141481201230684,0.520155732060481,—,—
6. Cola volátil 1,0.044112634300557355,Arquitectura,0.31110926656011983,0.08359254591786525,0.35984990629665087,0.16976352945224416,0.6132517051999781,0.0177,0.2094
AGREGADO,1.0,Promedio móvil,0.5034800760755421,-0.01768787373799474,0.47103666361456525,-0.020249315759319653,0.6999254755016675,—,—
AGREGADO,1.0,Holt-Winters,0.49251540313087167,0.0304608978687384,0.4518783495611301,-0.04417194726632945,0.7414472782844919,—,—
AGREGADO,1.0,Arquitectura,0.4278259159641192,0.10111839469304562,0.4037359723723466,0.04063902529892305,0.7257672918184187,0.0000,0.0000
