product_unique_id,precio_medio
7,45.89865409684624
12,32.14152494886812
13,48.425843695134084
18,35.57709178930051
22,41.0767191880492
23,84.79600740586582
24,46.15513647080972
25,59.511443300766736
26,22.977325914593816
28,182.65707345011725
31,31.381187846280927
33,171.63659767597582
34,253.65322682997174
38,27.432174363081852
40,317.4453386147036
42,59.143271158447185
43,55.463444854404884
45,13.846272058476366
47,31.383957412672917
48,17.57844654225183
53,35.46689211958488
58,170.80077241840158
59,230.19782327155696
61,99.95607088966219
66,35.381853386659806
77,17.56925388702114
78,18.297774632352493
79,37.65822160252257
80,42.34800399678537
82,69.97893155763153
83,11.408366217570398
85,16.93498106827796
89,154.3808994160359
92,12.851394177321815
99,28.377825809061033
103,183.48287108309273
106,90.06985929968504
112,8.78124852753058
116,37.02450082538877
118,15.93
119,36.93162136662321
124,34.6550378284552
126,68.45585492350429
128,65.95007903969132
129,65.14745011064322
130,78.45721445556417
133,75.50553856049564
137,111.44017019204935
142,147.99314806474982
144,18.004214687682747
145,29.601024305815308
147,71.48814534368773
149,24.83899144566538
152,15.080870431837601
163,278.23060055200386
165,55.188018160389255
166,47.94308891554259
174,44.13152595081326
177,221.2751218877264
179,22.906516116097354
180,86.29712309477968
181,56.09052123944742
186,3.44
190,43.330235942656145
191,91.51645876563705
200,36.9265651546575
203,20.799304409086737
206,339.03053215616853
210,91.76960257137465
213,72.19014005226208
223,80.28775018953668
229,13.424156347897272
231,57.8623881053097
232,16.469806648554883
233,24.583884081997272
235,40.69254086039835
242,53.16199181837526
248,86.91401229334255
251,32.165840480734616
258,17.101906691064872
260,124.40403173590838
262,29.85084260674855
263,51.176233746003945
265,98.4258766924554
268,69.6100828346244
271,4.26905071146143
273,342.93376034258074
275,38.3123159576364
277,67.01689701270418
283,56.178457943906004
284,22.1703987195332
286,21.91526260732009
287,36.82109787014811
289,72.75396119427838
290,21.58125251731646
293,35.4606384700453
296,94.42633604853285
298,91.06811649211555
300,31.260784617835547
303,23.525200393135332
306,27.302577896103973
308,36.834098863586675
310,41.39594673798883
313,9.28603096676248
316,62.511444842391214
317,29.06465064523411
318,23.511473569135553
320,253.6601971015177
322,82.2897698270875
328,50.61308560968724
331,45.722576170413376
332,23.176117559668178
333,96.3246268476602
336,126.15125697604324
337,12.515603281840905
344,38.69082399648825
356,30.858735678156098
361,11.988312244001142
362,221.7889993821718
364,66.70459020500249
367,50.54362430448936
374,20.741025681995257
379,60.039157126202724
388,29.053921125720088
392,12.187346455716492
398,50.42887691595152
399,167.8965423470203
400,183.30941424885017
402,69.53173688178155
404,46.12959702616036
407,31.984349916776146
421,69.53401629309431
423,76.73607779154395
426,73.64004059609339
428,232.199192250244
429,34.12957543670317
433,25.795099528432186
434,17.619305222225567
435,32.549606258124754
440,71.44763044968957
442,90.8553330340287
444,43.1410494606115
452,32.33365252764975
453,27.930915657454786
454,111.03195940508832
456,53.01750489343899
461,20.620843206977025
465,41.41244465132396
467,18.372604104201628
469,53.55200417604735
472,27.345204438258282
475,138.3512176986754
480,101.05562660344428
481,79.5025484221082
482,218.49453636548498
486,153.6759869952769
487,58.326886806324886
488,93.88122662390181
495,79.72617004074532
496,194.80924112071645
498,59.888851874709154
502,17.22
505,50.735573405962285
506,30.61560833141318
507,109.02825643924622
510,63.65328403300923
512,13.872169795140257
513,82.58183196697365
516,84.76402781638195
518,84.96077453150825
519,24.489420263283712
520,86.88957477536749
523,13.32328071261712
526,22.167528541920948
527,63.72144578460326
528,7.37323096231349
529,10.898645320708319
534,49.770881855661514
536,42.33914891257139
545,122.00861697293496
552,24.249501294577357
554,69.9971896069872
555,23.65649877160493
558,112.89428860671325
562,286.2870142982999
563,162.57044283969842
564,26.240936555457512
565,25.898803190765772
572,35.17440011608425
573,8.014273714285425
577,37.750311590150396
578,87.61819037236708
579,49.50371743849732
580,28.91542321616179
594,38.499563652537
600,46.97788498392942
603,14.093182069557116
604,83.74013251894218
605,67.15195694898202
608,114.71084167829993
609,140.3826024183337
610,22.385533293836016
612,413.8071105432903
613,55.10050251064033
614,67.62879433735587
616,222.84999999999997
618,126.79303903715777
620,29.678117873281316
621,24.491261241790408
624,117.48360221402973
627,15.81462251513072
630,59.15472065672671
641,27.23127204400734
642,246.83491165139057
643,249.6556619603656
645,145.792538973963
647,117.45924094324921
648,15.574018804541867
649,24.68657283524155
651,173.8802418028316
652,47.427616835606614
653,308.5181999597983
656,33.43343568999928
659,13.580072941002358
660,22.15796010209243
661,15.206629202053755
662,42.178039200218
664,63.83351224947088
672,18.81177035413277
674,234.18856360038325
676,66.45371462923106
682,27.454893855340707
684,12.587256156224013
685,75.71136934650214
686,225.03199610012464
690,223.5382075262789
695,54.00651413259025
697,66.77876722062953
698,150.32111615539756
702,75.16947806452349
704,29.484068124636845
708,4.658902242709766
710,24.652598118282704
716,12.116814954961669
717,43.53873853460494
725,198.61144641971939
731,126.99118360646807
733,44.15720229784566
736,64.00198511909453
739,26.488946754481642
741,242.75071956341873
743,58.963847471457754
744,174.84332193920824
745,153.2956244499092
749,97.39675493904507
750,109.80525465564766
752,71.71736153770523
753,22.815210073396564
754,14.208950025360496
756,32.26938818000068
758,24.046832046407317
760,28.19193410129358
766,94.30071365463876
771,38.1227867797975
777,34.32161228014202
778,27.769693467551093
781,6.64
788,68.49337126233836
791,38.81756835414535
792,38.3615374771876
793,59.709195236156646
794,32.192852895040765
796,60.464289662664775
798,82.79295540747738
799,346.7311204843294
805,111.14440667717311
806,22.88323606990014
812,60.32322858450175
815,56.57863300728493
816,66.41401956224594
817,128.5349342563203
818,389.6363196266074
819,34.6314920597432
823,62.33007825021251
824,49.82596838278197
828,53.34650445280737
829,26.271428718191537
833,49.359516480675325
837,34.37994077144864
839,46.636185944648254
840,30.694250934780023
843,68.29329974927644
844,32.19846992450486
846,21.554867188075264
847,165.9360376939895
852,37.69764095851725
865,43.4064511937264
872,108.80421029348537
873,31.320122314293876
883,56.4296919872272
889,37.15853575522656
890,324.7298949018298
891,34.092124051293894
892,28.140566820039417
893,26.019477964227793
897,54.13217450989002
901,14.630359563393734
904,103.31838695637003
910,98.0182051616813
911,8.186966263039675
912,77.38925510538759
918,89.64062502483867
919,56.41841077830315
928,26.377877286770637
929,33.50074336271411
930,32.88423438643479
933,41.5117798577679
935,50.48564808763068
936,40.01319234564922
937,48.84254889260471
938,33.95299764467539
939,67.434526821683
940,316.8810950147633
941,16.514832419389673
943,71.99523852465553
944,70.57439407645813
945,237.97177628768955
947,21.48826126473688
948,68.56851142513516
951,9.552658914202027
953,52.158363193937596
956,279.54911051191186
959,81.00666145873063
961,100.04531839596117
965,189.18613682117763
967,316.21672214500353
968,111.05402591353167
972,11.8114815444092
980,70.6167097017158
982,262.1285408727334
983,194.7502768737629
984,33.639655508150604
985,172.73492957064786
988,118.34667023520505
989,101.17512588803652
993,40.861169252044085
1000,34.8757361992524
1008,98.59616436441605
1009,41.90258343312065
1013,54.99253570826574
1014,39.22099604931122
1015,20.675392264773386
1017,199.3098561706063
1019,29.659001250724284
1027,19.116032234450174
1032,179.6549125577682
1035,23.930114353492698
1036,65.11592660031879
1039,33.03570628557784
1042,21.815456125786785
1044,22.22519806244751
1046,31.79533137890126
1048,52.465686697384406
1049,40.22959963087955
1050,40.6206004892648
1051,71.53157582404494
1052,71.71442518711173
1053,273.56888643973184
1054,49.071609406792234
1064,141.9123054032865
1072,73.00924548702449
1073,20.457074490074376
1074,64.71697282592524
1075,15.654548615950823
1076,147.2963703515466
1078,45.592718692464274
1079,49.93867234044968
1081,22.295187278314206
1084,6.540348760284202
1086,4.545833503771708
1091,19.449996830996916
1099,36.31440750411872
1101,28.857502353331228
1102,42.909289575941244
1103,98.70502721312447
1105,100.58032959747986
1107,8.78928231266619
1108,43.2444589884832
1110,149.47910204857547
1111,64.16269414586156
1112,9.777220326625649
1118,66.40011125390905
1121,34.091889239722285
1124,45.17760638234694
1126,8.313756753501517
1127,132.0243193203392
1130,119.56755175558123
1131,61.26401817657743
1134,41.137189774057795
1135,22.26270039842524
1140,25.075455856164858
1141,27.67726040789524
1146,39.19135486266785
1152,42.70715767417389
1154,41.253864830939406
1156,84.55620764471097
1157,19.40289981988615
1158,24.597004327275705
1161,63.92862819066331
1162,58.6096611347541
1164,77.12416770409656
1169,50.87241416167023
1171,11.710852889108649
1172,25.426311797114643
1173,63.34855554581616
1176,15.86472484379959
1180,33.19924256936637
1184,219.88231404910897
1185,165.50422029379868
1186,38.47436218082839
1188,102.19355934420983
1190,63.94955541416819
1194,9.762096533982247
1196,83.91783641851569
1201,44.97673509311163
1202,44.49164708338757
1204,457.91206350380116
1214,39.382381709449064
1219,260.95836470957204
1220,89.1688472494437
1223,43.313719498763696
1227,50.64148935221997
1228,84.03382365531832
1232,51.628039789782235
1240,47.15660511991176
1248,8.345207717846556
1250,37.475995268444045
1253,64.5505623556919
1256,55.37387429418175
1257,284.84701960312634
1259,50.61466902006438
1260,6.920571552989057
1261,197.8912914984737
1262,47.857988537764626
1270,20.941683256668313
1271,32.45504708437269
1272,48.79809005641154
1273,29.395009479527967
1275,25.391902662249855
1276,20.470157246806355
1278,60.93109451502944
1279,37.82699450287075
1280,44.9939675669611
1281,37.98884106567093
1286,23.844326546582092
1288,25.114090806052427
1291,88.0832118566519
1292,67.0702393455742
1301,46.408082500049794
1302,8.464321265657226
1308,16.42918847746982
1309,18.32389122414049
1311,36.041770830283866
1312,45.540903655919024
1314,236.2324833991024
1317,264.9319464550078
1318,69.13882991684932
1321,86.91701548533044
1322,37.39830226454493
1328,30.99933485732042
1330,46.55772234580139
1332,95.74066333452976
1334,50.73379302315476
1335,67.35134705027583
1336,27.101540333094455
1337,12.742608140116298
1338,4.0759694739564365
1341,30.80129055020887
1346,41.55864024560539
1347,294.6061909567283
1348,56.56266413533172
1350,180.74336382495693
1351,85.07651385167124
1352,107.09791120636909
1353,237.32549037528608
1355,20.141839086416503
1356,26.529481318202492
1357,75.19861826716595
1358,165.8698177303953
1361,61.26480305369704
1363,9.754758795738466
1365,35.27705957701184
1371,71.87423109674904
1374,57.46531096786035
1376,135.34669473678346
1381,13.146831487992152
1384,64.58348252853374
1387,25.4905170443149
1394,37.93091134452906
1400,8.855388647114514
1407,137.77407114484785
1409,173.7769351411593
1411,46.169566792546114
1412,64.55988651014722
1413,53.0094761324062
1419,25.519173141452384
1420,33.2993917190287
1421,175.3283737066125
1424,72.52093496716593
1428,117.6434685826824
1429,23.792460657016395
1432,43.380107012282565
1433,54.446337702150835
1436,180.68579762722015
1437,114.93374800584716
1440,43.502619704091025
1441,46.1449407688985
1443,33.693335366102524
1448,35.31475008590102
1449,18.599517711486893
1450,67.16120414567341
1453,210.50421968896774
1455,3.815284297613167
1456,117.90669674885015
1459,50.216445237377656
1460,107.49493922864333
1463,16.55043254495091
1464,51.94542386917497
1467,61.043871373155405
1468,30.341215159566193
1469,41.784508037492564
1474,36.380159199777665
1477,41.084794453466515
1478,116.2795813489566
1479,12.739272522479402
1481,71.79568561556692
1486,38.2549262053723
1487,112.15655441112764
1497,62.270804122618706
1499,158.93231830694785
1501,29.96555434976492
1504,22.236204884162262
1505,192.06946922619215
1509,42.38688925314174
1510,52.28992184486781
1512,56.440530827027494
1513,58.53970355086232
1515,40.679381648824176
1517,36.7743561263527
1518,7.48351844720373
1519,37.408007129994736
1523,27.244402460893262
1526,41.57645253206828
1533,36.23435149554821
1536,17.097241176260425
1538,32.12299398564125
1540,52.34005577459165
1543,16.83757742084696
1544,71.8859302406218
1548,4.869968052632149
1549,45.821619304857656
1551,36.93125948912656
1562,183.2610470209558
1572,3.2893857371295403
1575,90.41104487310888
1576,80.07171943486858
1577,39.755557555598564
1579,32.02531458044256
1580,191.81476931207652
1581,34.65731889327339
1587,41.066032299565414
1588,40.73790336732101
1589,192.13241992239293
1591,207.35371319087253
1592,211.45185210952113
1596,21.364439708819454
1599,22.18234038244177
1603,21.897471087572068
1612,199.0845423556379
1613,27.099422048894375
1614,47.74627899356232
1615,22.18050751080077
1621,31.900530037731023
1622,37.72541320561696
1625,34.420474884939814
1626,13.299167629253441
1629,39.059492960757105
1631,31.6707360835679
1632,59.52692882415846
1635,110.46811960398625
1637,7.487281356039205
1639,36.10616401863473
1643,11.107960337772823
1644,19.429100570512002
1647,20.972018601610095
1649,13.16311915142877
1650,28.800148792974078
1651,140.44039167473787
1654,42.03009097266374
1656,19.89569993845806
1657,29.178561243863626
1661,200.89050420330946
1662,177.09006780836367
1666,222.50899522539413
1673,16.158409517641072
1674,39.500790417924385
1675,14.251593818018138
1687,15.2808885393062
1691,43.080296821132485
1695,115.92027591611956
1696,8.146096859990921
1697,8.711059195637647
1698,9.935964787687176
1701,34.553315454712205
1702,16.357906708115852
1707,99.93539118908619
1708,44.20086749768318
1709,23.537156593665944
1712,116.95382770134833
1713,13.375292474927488
1716,76.30274720092089
1719,47.64658511059193
1721,4.661060478245366
1722,28.98710763392104
1724,73.06481482435618
1726,61.14045817517487
1741,39.956402703186306
1742,51.51476225825869
1743,23.2959338446053
1746,43.80087740833998
1754,93.36812683537116
1757,14.40160149664341
1758,24.490890682658247
1763,176.29377777715453
1764,30.216640618929656
1767,17.52036172649836
1769,53.124385236754975
1773,36.57013163341809
1774,130.75
1775,56.44325892395447
1782,18.173899207801046
1783,3.2678771085696385
1785,41.6995698794483
1786,39.731883398798466
1790,17.702321081298006
1792,16.142438650188144
1796,87.66817548617293
1797,37.399815393694126
1799,82.54336596486192
1800,17.968476906380836
1806,18.97171492593748
1811,75.23548416640153
1814,21.295489532257392
1815,13.67194641194767
1818,17.369316145302747
1821,23.839506073552993
1822,73.11198006950607
1824,63.0242783339102
1825,50.869656842163195
1826,152.80422665262435
1827,45.62742043591015
1828,65.65610707625359
1831,44.97413332893182
1832,93.37377643957477
1833,17.375665506809234
1838,44.38417044842054
1840,67.28982942309258
1842,59.62777959950231
1843,99.5234046771568
1844,143.4802823144452
1846,350.98104608968174
1847,42.10007811984613
1850,31.16571424901175
1858,105.51994122192717
1862,78.38458070197073
1869,54.01130746663883
1876,38.41251696961614
1878,57.11880652629219
1880,29.1548660237035
1883,75.4367025454757
1884,40.35552442139856
1888,45.13086215508821
1892,30.54806602012085
1894,42.809043672281376
1897,56.6569335591018
1898,9.83208471198913
1903,52.04037708970129
1909,324.7783958052587
1914,37.465024467020875
1916,81.30561390160523
1917,81.56063772942932
1918,98.51595877618863
1921,102.34038291477547
1924,32.60255792684869
1925,87.64457559896277
1930,86.61952888738602
1933,18.534508304650366
1936,98.61619221903669
1941,23.232289373676526
1942,44.892395459132324
1944,23.13368019510232
1950,56.55954772573716
1954,133.65285480834962
1959,36.92850286817396
1961,91.34903306696683
1963,20.177220755155744
1971,29.508764426269025
1973,23.609471664135956
1975,67.07478156606379
1977,179.59994668269505
1979,90.05253501598119
1980,32.0485058929253
1986,33.930562735982214
1989,47.74688973821305
1990,36.05612631868955
1994,36.667149678117916
1996,20.880583617972924
1998,59.10655689733936
1999,120.02074757659051
2000,75.94245236622068
2001,34.43507256049761
2002,6.936960350115561
2003,40.929252403833516
2005,101.62542960367387
2007,361.0076316059572
2009,77.44674501825202
2011,79.43821510272296
2021,53.405207137362595
2023,76.27799394769117
2030,4.167101448348653
2038,54.30433311899683
2042,38.507523375819574
2045,46.8298703877398
2050,198.00973599153474
2054,170.6925638324347
2057,86.46111806627401
2059,132.232162917272
2066,144.05397317312355
2069,14.720407675878457
2071,31.38738953611088
2074,58.28913313368958
2075,25.170185055098333
2080,104.39133487494276
2083,62.62369125226155
2084,15.440357111864229
2087,79.46434669895869
2090,73.50876283460305
2097,6.372646697031985
2098,63.88466112894273
2100,15.549431533107503
2106,21.17122186965323
2107,25.50371469329113
2113,60.697655535964714
2115,30.731017543451852
2118,107.38127942330553
2120,49.15831937634366
2123,239.252482048413
2126,46.77308260893644
2128,193.02180073605572
2133,409.8360597894673
2136,62.61525764372597
2139,53.86540373618958
2141,23.2505107925759
2142,30.746226684064197
2145,19.14721858784243
2146,38.874784677734226
2147,67.12534926189578
2148,11.405443570676622
2151,65.15669177024863
2154,28.14669162396331
2158,33.09561869618946
2165,24.5652049978787
2169,43.47107652457575
2172,64.71700304244274
2174,355.43077646326276
2178,14.057044733960891
2180,15.498522719140055
2182,87.75983448011226
2183,217.35294954017374
2184,43.16771047737591
2187,7.398589719614564
2188,74.62076492875926
2189,145.78601867651236
2195,141.32000536817182
2196,104.52919860945936
2199,16.72525769837205
2201,57.807820143875574
2203,105.34301051035885
2204,141.26720793389492
2210,25.74199747981485
2211,36.08635196443362
2213,26.362783773514384
2215,61.845803101206194
2217,45.57708014284065
2218,60.90720619176099
2219,7.010256652403047
2221,40.464086397913505
2225,21.24164596061202
2226,185.44971923026299
2227,96.16630081980098
2229,76.27883964292874
2232,27.57483762186268
2234,115.11907660760573
2236,20.40175528985474
2237,46.98632701951524
2238,74.05133959400797
2247,86.10691911868953
2248,67.06892594894141
2249,34.880644230495996
2253,26.790733616068426
2260,74.22476554197672
2261,76.56722228159387
2263,45.304561405641515
2265,47.58324942348135
2266,38.70124527826091
2267,6.023935811271774
2268,41.701576870094044
2271,78.74876913903495
2278,16.92483699371911
2286,33.593106771437704
2288,13.153100482070899
2293,55.00595295179799
2295,79.45987145374397
2299,54.413314263598814
2301,35.34843914954715
2305,45.683393304168156
2308,79.38235818912445
2311,70.40721842955101
2312,9.734896401691945
2313,62.4615661906107
2314,49.397073021652666
2315,2.107194496334428
2319,12.592757205032955
2321,109.07398725562776
2325,44.80586052704579
2326,13.482173059139948
2328,20.352105342119668
2329,185.7759881727553
2330,50.1192811301037
2331,9.512677043768944
2335,27.619086972090308
2343,81.7259873376244
2345,39.86915100883649
2348,29.15747968199968
2349,9.37901685451748
2351,46.53203078828831
2353,35.775270152090165
2355,67.8243319936304
2360,55.979028435585995
2364,48.853693432066486
2365,19.72357442626458
2366,182.91356027153924
2368,78.19545815993355
2372,50.617188155527735
2379,28.405860511611046
2381,48.73806853540147
2384,8.645028200646763
2385,65.40652084722471
2388,89.85288355754787
2389,64.94515468534604
2392,5.513598455603714
2393,11.269268195589413
2396,2.6138548762238325
2399,57.52680523399593
2400,93.03201343427563
2401,61.69960716997011
2404,34.679650043666484
2405,89.26929897013409
2411,125.48139557567403
2412,102.82557183439162
2416,21.624820196333587
2417,94.67317383874828
2422,30.451952594305535
2426,43.770200525172555
2432,11.367776478982794
2436,12.470942157094768
2437,16.84799231245777
2438,28.155700266682185
2439,245.9223673439909
2441,26.34570721935837
2444,216.23264790627718
2449,100.54360815323041
2453,64.37804679333456
2454,93.3823144593913
2460,208.37998832304038
2461,106.17634077982991
2462,49.94746686780501
2463,21.300675020744997
2464,167.2831347027232
2465,37.14747639320588
2467,35.854263012702084
2472,5.87
2473,82.2129154078822
2478,113.67134021640439
2482,101.29186113220658
2488,88.11900501792654
2490,35.0380312323058
2493,60.66134614448854
2495,25.20143550640282
2507,40.466060696067494
2514,59.10521516213174
2515,85.95373940895325
2517,153.09904216203935
2520,27.331552468447057
2521,41.1316998767171
2524,51.98497655584594
2525,145.2897092584935
2528,24.366861499616494
2539,32.303836684460215
2541,198.06796505644974
2543,16.970379165944856
2548,62.753573325126325
2551,190.23734130352952
2555,14.066722757345685
2561,238.43699374368057
2563,40.2525115662975
2567,45.65505289970557
2569,102.07070563495235
2570,82.82742544340779
2572,38.607271807028035
2573,104.22435688976036
2575,80.94584533080769
2579,39.196118105778346
2582,62.46214016771792
2583,39.08906539706506
2584,10.240182613154648
2595,35.81807899486985
2596,107.14523380004971
2598,19.00614047285003
2599,41.589356246932866
2601,27.062034635768313
2602,88.03875919855697
2603,4.497478690694634
2606,66.12175792958979
2610,74.21595481592014
2612,21.25779239502582
2614,33.67892653560393
2616,246.70396921098867
2617,44.12125789067301
2618,248.78147130444776
2620,20.55542491778631
2623,74.83743904526787
2629,34.435756208777725
2630,48.86113534420848
2635,26.33722243809961
2637,9.35619781598091
2639,50.88882700250806
2640,27.433826955263942
2641,39.66299818009189
2643,4.653930710451428
2645,23.11041692713182
2654,22.79108857528677
2656,72.54588911180575
2661,54.21783845657458
2662,96.03984245191435
2663,860.6188877708281
2664,258.06262417696604
2669,185.2954590134084
