grupo,nombre,n,peso,metodo,wv,bv,wu,bu,rmse,r2
1,Núcleo de alto valor,106,0.7716046604505431,PM,0.3342626172160885,-0.08197730368759137,0.3222805578807041,-0.03657579044676562,1115.8944621691144,0.8618340646825587
1,Núcleo de alto valor,106,0.7716046604505431,HW,0.33802233008975036,-0.09318689693128701,0.33985920947086795,-0.032174101101673847,1149.0981008283225,0.8534894325466533
1,Núcleo de alto valor,106,0.7716046604505431,ML,0.3281821927344218,-0.07271751750111899,0.3183700515380409,-0.02646204930908891,1203.3086991952764,0.839339597931799
2,Cola volátil de bajo valor,157,0.13977141950274652,PM,0.7113635572114735,-0.12848154427080338,0.6711323817162294,-0.13543840218659253,353.97437258657277,0.5097016351881049
2,Cola volátil de bajo valor,157,0.13977141950274652,HW,0.7258361040907764,-0.1925381420239024,0.6804143891195031,-0.20536885619473166,337.50000660768546,0.5542776876886999
2,Cola volátil de bajo valor,157,0.13977141950274652,ML,0.6355181801478061,-0.12411212675551864,0.5935269499212696,-0.16227955295963814,322.7786530791451,0.5923134221534372
3,Emergentes de crecimiento explosivo,61,0.08862392004671059,PM,0.7008508771864655,0.14549717460562106,0.5812774243886203,0.041722305422936534,2560.0424500899903,0.5579137360527013
3,Emergentes de crecimiento explosivo,61,0.08862392004671059,HW,0.6387305761952891,0.019220141978517402,0.5182578176185794,-0.2385730633821469,2330.8673881337027,0.6335220758493995
3,Emergentes de crecimiento explosivo,61,0.08862392004671059,ML,0.6464633234205598,0.11174918307568804,0.5410157799955452,-0.19281996089037978,2143.4077229201635,0.6900995049294246
